<application>
  <component name="FileTypeManager" version="18">
    <extensionMap>
      <mapping pattern="test" type="AUTO_DETECTED" />
      <mapping pattern="IResultWrapper.jaa" type="AUTO_DETECTED" />
      <mapping ext="space.kts" type="Kotlin" />
      <mapping ext="gradle.kts" type="Kotlin" />
      <mapping ext="main.kts" type="Kotlin" />
      <mapping ext="bak" type="PLAIN_TEXT" />
      <mapping ext="propertiesdemo" type="PLAIN_TEXT" />
      <mapping ext="ftl" type="PLAIN_TEXT" />
      <mapping ext="woff" type="PLAIN_TEXT" />
      <mapping ext="vue" type="PLAIN_TEXT" />
      <mapping ext="jks" type="PLAIN_TEXT" />
      <mapping ext="db" type="PLAIN_TEXT" />
      <removed_mapping ext="apk" approved="true" type="ARCHIVE" />
      <removed_mapping ext="log" approved="true" type="PLAIN_TEXT" />
      <removed_mapping ext="psd" approved="true" type="Image" />
    </extensionMap>
  </component>
</application>