<application>
  <component name="FindSettings">
    <option name="customScope" value="All Places" />
    <option name="defaultScopeName" value="All Places" />
    <option name="SEARCH_SCOPE" value="All Places" />
    <option name="FILE_MASK" value="*.xml" />
    <mask>*.css</mask>
    <mask>*.html</mask>
    <mask>*.jsp</mask>
    <mask>*.properties</mask>
    <mask>pom.xml</mask>
    <mask>.md</mask>
    <mask>md</mask>
    <mask>.xml</mask>
    <mask>.java</mask>
    <mask>.pom</mask>
    <mask>java</mask>
    <mask>*.pom</mask>
    <mask>*DO.java</mask>
    <mask>*.java</mask>
    <mask>*.md</mask>
    <mask>*.ftl</mask>
    <mask>*.yml</mask>
    <mask>*.xml</mask>
  </component>
</application>